<?xml version="1.0" encoding="UTF-8"?>
<spirit:component xmlns:xilinx="http://www.xilinx.com" xmlns:spirit="http://www.spiritconsortium.org/XMLSchema/SPIRIT/1685-2009" xmlns:xsi="http://www.w3.org/2001/XMLSchema-instance">
  <spirit:vendor>xilinx.com</spirit:vendor>
  <spirit:library>user</spirit:library>
  <spirit:name>uartprbs</spirit:name>
  <spirit:version>1.0</spirit:version>
  <spirit:busInterfaces>
    <spirit:busInterface>
      <spirit:name>S00_AXI</spirit:name>
      <spirit:busType spirit:vendor="xilinx.com" spirit:library="interface" spirit:name="aximm" spirit:version="1.0"/>
      <spirit:abstractionType spirit:vendor="xilinx.com" spirit:library="interface" spirit:name="aximm_rtl" spirit:version="1.0"/>
      <spirit:slave>
        <spirit:memoryMapRef spirit:memoryMapRef="S00_AXI"/>
      </spirit:slave>
      <spirit:portMaps>
        <spirit:portMap>
          <spirit:logicalPort>
            <spirit:name>AWADDR</spirit:name>
          </spirit:logicalPort>
          <spirit:physicalPort>
            <spirit:name>s00_axi_awaddr</spirit:name>
          </spirit:physicalPort>
        </spirit:portMap>
        <spirit:portMap>
          <spirit:logicalPort>
            <spirit:name>AWPROT</spirit:name>
          </spirit:logicalPort>
          <spirit:physicalPort>
            <spirit:name>s00_axi_awprot</spirit:name>
          </spirit:physicalPort>
        </spirit:portMap>
        <spirit:portMap>
          <spirit:logicalPort>
            <spirit:name>AWVALID</spirit:name>
          </spirit:logicalPort>
          <spirit:physicalPort>
            <spirit:name>s00_axi_awvalid</spirit:name>
          </spirit:physicalPort>
        </spirit:portMap>
        <spirit:portMap>
          <spirit:logicalPort>
            <spirit:name>AWREADY</spirit:name>
          </spirit:logicalPort>
          <spirit:physicalPort>
            <spirit:name>s00_axi_awready</spirit:name>
          </spirit:physicalPort>
        </spirit:portMap>
        <spirit:portMap>
          <spirit:logicalPort>
            <spirit:name>WDATA</spirit:name>
          </spirit:logicalPort>
          <spirit:physicalPort>
            <spirit:name>s00_axi_wdata</spirit:name>
          </spirit:physicalPort>
        </spirit:portMap>
        <spirit:portMap>
          <spirit:logicalPort>
            <spirit:name>WSTRB</spirit:name>
          </spirit:logicalPort>
          <spirit:physicalPort>
            <spirit:name>s00_axi_wstrb</spirit:name>
          </spirit:physicalPort>
        </spirit:portMap>
        <spirit:portMap>
          <spirit:logicalPort>
            <spirit:name>WVALID</spirit:name>
          </spirit:logicalPort>
          <spirit:physicalPort>
            <spirit:name>s00_axi_wvalid</spirit:name>
          </spirit:physicalPort>
        </spirit:portMap>
        <spirit:portMap>
          <spirit:logicalPort>
            <spirit:name>WREADY</spirit:name>
          </spirit:logicalPort>
          <spirit:physicalPort>
            <spirit:name>s00_axi_wready</spirit:name>
          </spirit:physicalPort>
        </spirit:portMap>
        <spirit:portMap>
          <spirit:logicalPort>
            <spirit:name>BRESP</spirit:name>
          </spirit:logicalPort>
          <spirit:physicalPort>
            <spirit:name>s00_axi_bresp</spirit:name>
          </spirit:physicalPort>
        </spirit:portMap>
        <spirit:portMap>
          <spirit:logicalPort>
            <spirit:name>BVALID</spirit:name>
          </spirit:logicalPort>
          <spirit:physicalPort>
            <spirit:name>s00_axi_bvalid</spirit:name>
          </spirit:physicalPort>
        </spirit:portMap>
        <spirit:portMap>
          <spirit:logicalPort>
            <spirit:name>BREADY</spirit:name>
          </spirit:logicalPort>
          <spirit:physicalPort>
            <spirit:name>s00_axi_bready</spirit:name>
          </spirit:physicalPort>
        </spirit:portMap>
        <spirit:portMap>
          <spirit:logicalPort>
            <spirit:name>ARADDR</spirit:name>
          </spirit:logicalPort>
          <spirit:physicalPort>
            <spirit:name>s00_axi_araddr</spirit:name>
          </spirit:physicalPort>
        </spirit:portMap>
        <spirit:portMap>
          <spirit:logicalPort>
            <spirit:name>ARPROT</spirit:name>
          </spirit:logicalPort>
          <spirit:physicalPort>
            <spirit:name>s00_axi_arprot</spirit:name>
          </spirit:physicalPort>
        </spirit:portMap>
        <spirit:portMap>
          <spirit:logicalPort>
            <spirit:name>ARVALID</spirit:name>
          </spirit:logicalPort>
          <spirit:physicalPort>
            <spirit:name>s00_axi_arvalid</spirit:name>
          </spirit:physicalPort>
        </spirit:portMap>
        <spirit:portMap>
          <spirit:logicalPort>
            <spirit:name>ARREADY</spirit:name>
          </spirit:logicalPort>
          <spirit:physicalPort>
            <spirit:name>s00_axi_arready</spirit:name>
          </spirit:physicalPort>
        </spirit:portMap>
        <spirit:portMap>
          <spirit:logicalPort>
            <spirit:name>RDATA</spirit:name>
          </spirit:logicalPort>
          <spirit:physicalPort>
            <spirit:name>s00_axi_rdata</spirit:name>
          </spirit:physicalPort>
        </spirit:portMap>
        <spirit:portMap>
          <spirit:logicalPort>
            <spirit:name>RRESP</spirit:name>
          </spirit:logicalPort>
          <spirit:physicalPort>
            <spirit:name>s00_axi_rresp</spirit:name>
          </spirit:physicalPort>
        </spirit:portMap>
        <spirit:portMap>
          <spirit:logicalPort>
            <spirit:name>RVALID</spirit:name>
          </spirit:logicalPort>
          <spirit:physicalPort>
            <spirit:name>s00_axi_rvalid</spirit:name>
          </spirit:physicalPort>
        </spirit:portMap>
        <spirit:portMap>
          <spirit:logicalPort>
            <spirit:name>RREADY</spirit:name>
          </spirit:logicalPort>
          <spirit:physicalPort>
            <spirit:name>s00_axi_rready</spirit:name>
          </spirit:physicalPort>
        </spirit:portMap>
      </spirit:portMaps>
      <spirit:parameters>
        <spirit:parameter>
          <spirit:name>WIZ_DATA_WIDTH</spirit:name>
          <spirit:value spirit:format="long" spirit:id="BUSIFPARAM_VALUE.S00_AXI.WIZ_DATA_WIDTH" spirit:choiceRef="choice_list_6fc15197">32</spirit:value>
        </spirit:parameter>
        <spirit:parameter>
          <spirit:name>WIZ_NUM_REG</spirit:name>
          <spirit:value spirit:format="long" spirit:id="BUSIFPARAM_VALUE.S00_AXI.WIZ_NUM_REG" spirit:minimum="4" spirit:maximum="512" spirit:rangeType="long">11</spirit:value>
        </spirit:parameter>
        <spirit:parameter>
          <spirit:name>SUPPORTS_NARROW_BURST</spirit:name>
          <spirit:value spirit:format="long" spirit:id="BUSIFPARAM_VALUE.S00_AXI.SUPPORTS_NARROW_BURST" spirit:choiceRef="choice_pairs_ce1226b1">0</spirit:value>
        </spirit:parameter>
      </spirit:parameters>
    </spirit:busInterface>
    <spirit:busInterface>
      <spirit:name>S00_AXI_RST</spirit:name>
      <spirit:busType spirit:vendor="xilinx.com" spirit:library="signal" spirit:name="reset" spirit:version="1.0"/>
      <spirit:abstractionType spirit:vendor="xilinx.com" spirit:library="signal" spirit:name="reset_rtl" spirit:version="1.0"/>
      <spirit:slave/>
      <spirit:portMaps>
        <spirit:portMap>
          <spirit:logicalPort>
            <spirit:name>RST</spirit:name>
          </spirit:logicalPort>
          <spirit:physicalPort>
            <spirit:name>s00_axi_aresetn</spirit:name>
          </spirit:physicalPort>
        </spirit:portMap>
      </spirit:portMaps>
      <spirit:parameters>
        <spirit:parameter>
          <spirit:name>POLARITY</spirit:name>
          <spirit:value spirit:id="BUSIFPARAM_VALUE.S00_AXI_RST.POLARITY" spirit:choiceRef="choice_list_9d8b0d81">ACTIVE_LOW</spirit:value>
        </spirit:parameter>
      </spirit:parameters>
    </spirit:busInterface>
    <spirit:busInterface>
      <spirit:name>S00_AXI_CLK</spirit:name>
      <spirit:busType spirit:vendor="xilinx.com" spirit:library="signal" spirit:name="clock" spirit:version="1.0"/>
      <spirit:abstractionType spirit:vendor="xilinx.com" spirit:library="signal" spirit:name="clock_rtl" spirit:version="1.0"/>
      <spirit:slave/>
      <spirit:portMaps>
        <spirit:portMap>
          <spirit:logicalPort>
            <spirit:name>CLK</spirit:name>
          </spirit:logicalPort>
          <spirit:physicalPort>
            <spirit:name>s00_axi_aclk</spirit:name>
          </spirit:physicalPort>
        </spirit:portMap>
      </spirit:portMaps>
      <spirit:parameters>
        <spirit:parameter>
          <spirit:name>ASSOCIATED_BUSIF</spirit:name>
          <spirit:value spirit:id="BUSIFPARAM_VALUE.S00_AXI_CLK.ASSOCIATED_BUSIF">S00_AXI</spirit:value>
        </spirit:parameter>
        <spirit:parameter>
          <spirit:name>ASSOCIATED_RESET</spirit:name>
          <spirit:value spirit:id="BUSIFPARAM_VALUE.S00_AXI_CLK.ASSOCIATED_RESET">s00_axi_aresetn</spirit:value>
        </spirit:parameter>
      </spirit:parameters>
    </spirit:busInterface>
  </spirit:busInterfaces>
  <spirit:memoryMaps>
    <spirit:memoryMap>
      <spirit:name>S00_AXI</spirit:name>
      <spirit:addressBlock>
        <spirit:name>S00_AXI_reg</spirit:name>
        <spirit:baseAddress spirit:format="long" spirit:resolve="user">0</spirit:baseAddress>
        <spirit:range spirit:format="long">4096</spirit:range>
        <spirit:width spirit:format="long">32</spirit:width>
        <spirit:usage>register</spirit:usage>
        <spirit:parameters>
          <spirit:parameter>
            <spirit:name>OFFSET_BASE_PARAM</spirit:name>
            <spirit:value spirit:id="ADDRBLOCKPARAM_VALUE.S00_AXI.S00_AXI_REG.OFFSET_BASE_PARAM">C_S00_AXI_BASEADDR</spirit:value>
          </spirit:parameter>
          <spirit:parameter>
            <spirit:name>OFFSET_HIGH_PARAM</spirit:name>
            <spirit:value spirit:id="ADDRBLOCKPARAM_VALUE.S00_AXI.S00_AXI_REG.OFFSET_HIGH_PARAM">C_S00_AXI_HIGHADDR</spirit:value>
          </spirit:parameter>
        </spirit:parameters>
      </spirit:addressBlock>
    </spirit:memoryMap>
  </spirit:memoryMaps>
  <spirit:model>
    <spirit:views>
      <spirit:view>
        <spirit:name>xilinx_vhdlsynthesis</spirit:name>
        <spirit:displayName>VHDL Synthesis</spirit:displayName>
        <spirit:envIdentifier>vhdlSource:vivado.xilinx.com:synthesis</spirit:envIdentifier>
        <spirit:language>vhdl</spirit:language>
        <spirit:modelName>uartprbs_v1_0</spirit:modelName>
        <spirit:fileSetRef>
          <spirit:localName>xilinx_vhdlsynthesis_view_fileset</spirit:localName>
        </spirit:fileSetRef>
        <spirit:parameters>
          <spirit:parameter>
            <spirit:name>viewChecksum</spirit:name>
            <spirit:value>bcab2436</spirit:value>
          </spirit:parameter>
        </spirit:parameters>
      </spirit:view>
      <spirit:view>
        <spirit:name>xilinx_vhdlbehavioralsimulation</spirit:name>
        <spirit:displayName>VHDL Simulation</spirit:displayName>
        <spirit:envIdentifier>vhdlSource:vivado.xilinx.com:simulation</spirit:envIdentifier>
        <spirit:language>vhdl</spirit:language>
        <spirit:modelName>uartprbs_v1_0</spirit:modelName>
        <spirit:fileSetRef>
          <spirit:localName>xilinx_vhdlbehavioralsimulation_view_fileset</spirit:localName>
        </spirit:fileSetRef>
        <spirit:parameters>
          <spirit:parameter>
            <spirit:name>viewChecksum</spirit:name>
            <spirit:value>bcab2436</spirit:value>
          </spirit:parameter>
        </spirit:parameters>
      </spirit:view>
      <spirit:view>
        <spirit:name>xilinx_softwaredriver</spirit:name>
        <spirit:displayName>Software Driver</spirit:displayName>
        <spirit:envIdentifier>:vivado.xilinx.com:sw.driver</spirit:envIdentifier>
        <spirit:fileSetRef>
          <spirit:localName>xilinx_softwaredriver_view_fileset</spirit:localName>
        </spirit:fileSetRef>
        <spirit:parameters>
          <spirit:parameter>
            <spirit:name>viewChecksum</spirit:name>
            <spirit:value>fe6abe47</spirit:value>
          </spirit:parameter>
        </spirit:parameters>
      </spirit:view>
      <spirit:view>
        <spirit:name>xilinx_xpgui</spirit:name>
        <spirit:displayName>UI Layout</spirit:displayName>
        <spirit:envIdentifier>:vivado.xilinx.com:xgui.ui</spirit:envIdentifier>
        <spirit:fileSetRef>
          <spirit:localName>xilinx_xpgui_view_fileset</spirit:localName>
        </spirit:fileSetRef>
        <spirit:parameters>
          <spirit:parameter>
            <spirit:name>viewChecksum</spirit:name>
            <spirit:value>dda4df14</spirit:value>
          </spirit:parameter>
        </spirit:parameters>
      </spirit:view>
      <spirit:view>
        <spirit:name>bd_tcl</spirit:name>
        <spirit:displayName>Block Diagram</spirit:displayName>
        <spirit:envIdentifier>:vivado.xilinx.com:block.diagram</spirit:envIdentifier>
        <spirit:fileSetRef>
          <spirit:localName>bd_tcl_view_fileset</spirit:localName>
        </spirit:fileSetRef>
        <spirit:parameters>
          <spirit:parameter>
            <spirit:name>viewChecksum</spirit:name>
            <spirit:value>16328387</spirit:value>
          </spirit:parameter>
        </spirit:parameters>
      </spirit:view>
    </spirit:views>
    <spirit:ports>
      <spirit:port>
        <spirit:name>INJ_ERR</spirit:name>
        <spirit:wire>
          <spirit:direction>in</spirit:direction>
          <spirit:wireTypeDefs>
            <spirit:wireTypeDef>
              <spirit:typeName>std_logic</spirit:typeName>
              <spirit:viewNameRef>xilinx_vhdlsynthesis</spirit:viewNameRef>
              <spirit:viewNameRef>xilinx_vhdlbehavioralsimulation</spirit:viewNameRef>
            </spirit:wireTypeDef>
          </spirit:wireTypeDefs>
        </spirit:wire>
      </spirit:port>
      <spirit:port>
        <spirit:name>UART_RXD</spirit:name>
        <spirit:wire>
          <spirit:direction>in</spirit:direction>
          <spirit:wireTypeDefs>
            <spirit:wireTypeDef>
              <spirit:typeName>std_logic</spirit:typeName>
              <spirit:viewNameRef>xilinx_vhdlsynthesis</spirit:viewNameRef>
              <spirit:viewNameRef>xilinx_vhdlbehavioralsimulation</spirit:viewNameRef>
            </spirit:wireTypeDef>
          </spirit:wireTypeDefs>
        </spirit:wire>
      </spirit:port>
      <spirit:port>
        <spirit:name>UART_TXD</spirit:name>
        <spirit:wire>
          <spirit:direction>out</spirit:direction>
          <spirit:wireTypeDefs>
            <spirit:wireTypeDef>
              <spirit:typeName>std_logic</spirit:typeName>
              <spirit:viewNameRef>xilinx_vhdlsynthesis</spirit:viewNameRef>
              <spirit:viewNameRef>xilinx_vhdlbehavioralsimulation</spirit:viewNameRef>
            </spirit:wireTypeDef>
          </spirit:wireTypeDefs>
        </spirit:wire>
      </spirit:port>
      <spirit:port>
        <spirit:name>ERR_DETECT_8</spirit:name>
        <spirit:wire>
          <spirit:direction>out</spirit:direction>
          <spirit:wireTypeDefs>
            <spirit:wireTypeDef>
              <spirit:typeName>std_logic</spirit:typeName>
              <spirit:viewNameRef>xilinx_vhdlsynthesis</spirit:viewNameRef>
              <spirit:viewNameRef>xilinx_vhdlbehavioralsimulation</spirit:viewNameRef>
            </spirit:wireTypeDef>
          </spirit:wireTypeDefs>
        </spirit:wire>
      </spirit:port>
      <spirit:port>
        <spirit:name>s00_axi_awaddr</spirit:name>
        <spirit:wire>
          <spirit:direction>in</spirit:direction>
          <spirit:vector>
            <spirit:left spirit:format="long" spirit:resolve="dependent" spirit:dependency="(spirit:decode(id(&apos;MODELPARAM_VALUE.C_S00_AXI_ADDR_WIDTH&apos;)) - 1)">5</spirit:left>
            <spirit:right spirit:format="long">0</spirit:right>
          </spirit:vector>
          <spirit:wireTypeDefs>
            <spirit:wireTypeDef>
              <spirit:typeName>std_logic_vector</spirit:typeName>
              <spirit:viewNameRef>xilinx_vhdlsynthesis</spirit:viewNameRef>
              <spirit:viewNameRef>xilinx_vhdlbehavioralsimulation</spirit:viewNameRef>
            </spirit:wireTypeDef>
          </spirit:wireTypeDefs>
        </spirit:wire>
      </spirit:port>
      <spirit:port>
        <spirit:name>s00_axi_awprot</spirit:name>
        <spirit:wire>
          <spirit:direction>in</spirit:direction>
          <spirit:vector>
            <spirit:left spirit:format="long">2</spirit:left>
            <spirit:right spirit:format="long">0</spirit:right>
          </spirit:vector>
          <spirit:wireTypeDefs>
            <spirit:wireTypeDef>
              <spirit:typeName>std_logic_vector</spirit:typeName>
              <spirit:viewNameRef>xilinx_vhdlsynthesis</spirit:viewNameRef>
              <spirit:viewNameRef>xilinx_vhdlbehavioralsimulation</spirit:viewNameRef>
            </spirit:wireTypeDef>
          </spirit:wireTypeDefs>
        </spirit:wire>
      </spirit:port>
      <spirit:port>
        <spirit:name>s00_axi_awvalid</spirit:name>
        <spirit:wire>
          <spirit:direction>in</spirit:direction>
          <spirit:wireTypeDefs>
            <spirit:wireTypeDef>
              <spirit:typeName>std_logic</spirit:typeName>
              <spirit:viewNameRef>xilinx_vhdlsynthesis</spirit:viewNameRef>
              <spirit:viewNameRef>xilinx_vhdlbehavioralsimulation</spirit:viewNameRef>
            </spirit:wireTypeDef>
          </spirit:wireTypeDefs>
        </spirit:wire>
      </spirit:port>
      <spirit:port>
        <spirit:name>s00_axi_awready</spirit:name>
        <spirit:wire>
          <spirit:direction>out</spirit:direction>
          <spirit:wireTypeDefs>
            <spirit:wireTypeDef>
              <spirit:typeName>std_logic</spirit:typeName>
              <spirit:viewNameRef>xilinx_vhdlsynthesis</spirit:viewNameRef>
              <spirit:viewNameRef>xilinx_vhdlbehavioralsimulation</spirit:viewNameRef>
            </spirit:wireTypeDef>
          </spirit:wireTypeDefs>
        </spirit:wire>
      </spirit:port>
      <spirit:port>
        <spirit:name>s00_axi_wdata</spirit:name>
        <spirit:wire>
          <spirit:direction>in</spirit:direction>
          <spirit:vector>
            <spirit:left spirit:format="long" spirit:resolve="dependent" spirit:dependency="(spirit:decode(id(&apos;MODELPARAM_VALUE.C_S00_AXI_DATA_WIDTH&apos;)) - 1)">31</spirit:left>
            <spirit:right spirit:format="long">0</spirit:right>
          </spirit:vector>
          <spirit:wireTypeDefs>
            <spirit:wireTypeDef>
              <spirit:typeName>std_logic_vector</spirit:typeName>
              <spirit:viewNameRef>xilinx_vhdlsynthesis</spirit:viewNameRef>
              <spirit:viewNameRef>xilinx_vhdlbehavioralsimulation</spirit:viewNameRef>
            </spirit:wireTypeDef>
          </spirit:wireTypeDefs>
        </spirit:wire>
      </spirit:port>
      <spirit:port>
        <spirit:name>s00_axi_wstrb</spirit:name>
        <spirit:wire>
          <spirit:direction>in</spirit:direction>
          <spirit:vector>
            <spirit:left spirit:format="long" spirit:resolve="dependent" spirit:dependency="((spirit:decode(id(&apos;MODELPARAM_VALUE.C_S00_AXI_DATA_WIDTH&apos;)) / 8) - 1)">3</spirit:left>
            <spirit:right spirit:format="long">0</spirit:right>
          </spirit:vector>
          <spirit:wireTypeDefs>
            <spirit:wireTypeDef>
              <spirit:typeName>std_logic_vector</spirit:typeName>
              <spirit:viewNameRef>xilinx_vhdlsynthesis</spirit:viewNameRef>
              <spirit:viewNameRef>xilinx_vhdlbehavioralsimulation</spirit:viewNameRef>
            </spirit:wireTypeDef>
          </spirit:wireTypeDefs>
        </spirit:wire>
      </spirit:port>
      <spirit:port>
        <spirit:name>s00_axi_wvalid</spirit:name>
        <spirit:wire>
          <spirit:direction>in</spirit:direction>
          <spirit:wireTypeDefs>
            <spirit:wireTypeDef>
              <spirit:typeName>std_logic</spirit:typeName>
              <spirit:viewNameRef>xilinx_vhdlsynthesis</spirit:viewNameRef>
              <spirit:viewNameRef>xilinx_vhdlbehavioralsimulation</spirit:viewNameRef>
            </spirit:wireTypeDef>
          </spirit:wireTypeDefs>
        </spirit:wire>
      </spirit:port>
      <spirit:port>
        <spirit:name>s00_axi_wready</spirit:name>
        <spirit:wire>
          <spirit:direction>out</spirit:direction>
          <spirit:wireTypeDefs>
            <spirit:wireTypeDef>
              <spirit:typeName>std_logic</spirit:typeName>
              <spirit:viewNameRef>xilinx_vhdlsynthesis</spirit:viewNameRef>
              <spirit:viewNameRef>xilinx_vhdlbehavioralsimulation</spirit:viewNameRef>
            </spirit:wireTypeDef>
          </spirit:wireTypeDefs>
        </spirit:wire>
      </spirit:port>
      <spirit:port>
        <spirit:name>s00_axi_bresp</spirit:name>
        <spirit:wire>
          <spirit:direction>out</spirit:direction>
          <spirit:vector>
            <spirit:left spirit:format="long">1</spirit:left>
            <spirit:right spirit:format="long">0</spirit:right>
          </spirit:vector>
          <spirit:wireTypeDefs>
            <spirit:wireTypeDef>
              <spirit:typeName>std_logic_vector</spirit:typeName>
              <spirit:viewNameRef>xilinx_vhdlsynthesis</spirit:viewNameRef>
              <spirit:viewNameRef>xilinx_vhdlbehavioralsimulation</spirit:viewNameRef>
            </spirit:wireTypeDef>
          </spirit:wireTypeDefs>
        </spirit:wire>
      </spirit:port>
      <spirit:port>
        <spirit:name>s00_axi_bvalid</spirit:name>
        <spirit:wire>
          <spirit:direction>out</spirit:direction>
          <spirit:wireTypeDefs>
            <spirit:wireTypeDef>
              <spirit:typeName>std_logic</spirit:typeName>
              <spirit:viewNameRef>xilinx_vhdlsynthesis</spirit:viewNameRef>
              <spirit:viewNameRef>xilinx_vhdlbehavioralsimulation</spirit:viewNameRef>
            </spirit:wireTypeDef>
          </spirit:wireTypeDefs>
        </spirit:wire>
      </spirit:port>
      <spirit:port>
        <spirit:name>s00_axi_bready</spirit:name>
        <spirit:wire>
          <spirit:direction>in</spirit:direction>
          <spirit:wireTypeDefs>
            <spirit:wireTypeDef>
              <spirit:typeName>std_logic</spirit:typeName>
              <spirit:viewNameRef>xilinx_vhdlsynthesis</spirit:viewNameRef>
              <spirit:viewNameRef>xilinx_vhdlbehavioralsimulation</spirit:viewNameRef>
            </spirit:wireTypeDef>
          </spirit:wireTypeDefs>
        </spirit:wire>
      </spirit:port>
      <spirit:port>
        <spirit:name>s00_axi_araddr</spirit:name>
        <spirit:wire>
          <spirit:direction>in</spirit:direction>
          <spirit:vector>
            <spirit:left spirit:format="long" spirit:resolve="dependent" spirit:dependency="(spirit:decode(id(&apos;MODELPARAM_VALUE.C_S00_AXI_ADDR_WIDTH&apos;)) - 1)">5</spirit:left>
            <spirit:right spirit:format="long">0</spirit:right>
          </spirit:vector>
          <spirit:wireTypeDefs>
            <spirit:wireTypeDef>
              <spirit:typeName>std_logic_vector</spirit:typeName>
              <spirit:viewNameRef>xilinx_vhdlsynthesis</spirit:viewNameRef>
              <spirit:viewNameRef>xilinx_vhdlbehavioralsimulation</spirit:viewNameRef>
            </spirit:wireTypeDef>
          </spirit:wireTypeDefs>
        </spirit:wire>
      </spirit:port>
      <spirit:port>
        <spirit:name>s00_axi_arprot</spirit:name>
        <spirit:wire>
          <spirit:direction>in</spirit:direction>
          <spirit:vector>
            <spirit:left spirit:format="long">2</spirit:left>
            <spirit:right spirit:format="long">0</spirit:right>
          </spirit:vector>
          <spirit:wireTypeDefs>
            <spirit:wireTypeDef>
              <spirit:typeName>std_logic_vector</spirit:typeName>
              <spirit:viewNameRef>xilinx_vhdlsynthesis</spirit:viewNameRef>
              <spirit:viewNameRef>xilinx_vhdlbehavioralsimulation</spirit:viewNameRef>
            </spirit:wireTypeDef>
          </spirit:wireTypeDefs>
        </spirit:wire>
      </spirit:port>
      <spirit:port>
        <spirit:name>s00_axi_arvalid</spirit:name>
        <spirit:wire>
          <spirit:direction>in</spirit:direction>
          <spirit:wireTypeDefs>
            <spirit:wireTypeDef>
              <spirit:typeName>std_logic</spirit:typeName>
              <spirit:viewNameRef>xilinx_vhdlsynthesis</spirit:viewNameRef>
              <spirit:viewNameRef>xilinx_vhdlbehavioralsimulation</spirit:viewNameRef>
            </spirit:wireTypeDef>
          </spirit:wireTypeDefs>
        </spirit:wire>
      </spirit:port>
      <spirit:port>
        <spirit:name>s00_axi_arready</spirit:name>
        <spirit:wire>
          <spirit:direction>out</spirit:direction>
          <spirit:wireTypeDefs>
            <spirit:wireTypeDef>
              <spirit:typeName>std_logic</spirit:typeName>
              <spirit:viewNameRef>xilinx_vhdlsynthesis</spirit:viewNameRef>
              <spirit:viewNameRef>xilinx_vhdlbehavioralsimulation</spirit:viewNameRef>
            </spirit:wireTypeDef>
          </spirit:wireTypeDefs>
        </spirit:wire>
      </spirit:port>
      <spirit:port>
        <spirit:name>s00_axi_rdata</spirit:name>
        <spirit:wire>
          <spirit:direction>out</spirit:direction>
          <spirit:vector>
            <spirit:left spirit:format="long" spirit:resolve="dependent" spirit:dependency="(spirit:decode(id(&apos;MODELPARAM_VALUE.C_S00_AXI_DATA_WIDTH&apos;)) - 1)">31</spirit:left>
            <spirit:right spirit:format="long">0</spirit:right>
          </spirit:vector>
          <spirit:wireTypeDefs>
            <spirit:wireTypeDef>
              <spirit:typeName>std_logic_vector</spirit:typeName>
              <spirit:viewNameRef>xilinx_vhdlsynthesis</spirit:viewNameRef>
              <spirit:viewNameRef>xilinx_vhdlbehavioralsimulation</spirit:viewNameRef>
            </spirit:wireTypeDef>
          </spirit:wireTypeDefs>
        </spirit:wire>
      </spirit:port>
      <spirit:port>
        <spirit:name>s00_axi_rresp</spirit:name>
        <spirit:wire>
          <spirit:direction>out</spirit:direction>
          <spirit:vector>
            <spirit:left spirit:format="long">1</spirit:left>
            <spirit:right spirit:format="long">0</spirit:right>
          </spirit:vector>
          <spirit:wireTypeDefs>
            <spirit:wireTypeDef>
              <spirit:typeName>std_logic_vector</spirit:typeName>
              <spirit:viewNameRef>xilinx_vhdlsynthesis</spirit:viewNameRef>
              <spirit:viewNameRef>xilinx_vhdlbehavioralsimulation</spirit:viewNameRef>
            </spirit:wireTypeDef>
          </spirit:wireTypeDefs>
        </spirit:wire>
      </spirit:port>
      <spirit:port>
        <spirit:name>s00_axi_rvalid</spirit:name>
        <spirit:wire>
          <spirit:direction>out</spirit:direction>
          <spirit:wireTypeDefs>
            <spirit:wireTypeDef>
              <spirit:typeName>std_logic</spirit:typeName>
              <spirit:viewNameRef>xilinx_vhdlsynthesis</spirit:viewNameRef>
              <spirit:viewNameRef>xilinx_vhdlbehavioralsimulation</spirit:viewNameRef>
            </spirit:wireTypeDef>
          </spirit:wireTypeDefs>
        </spirit:wire>
      </spirit:port>
      <spirit:port>
        <spirit:name>s00_axi_rready</spirit:name>
        <spirit:wire>
          <spirit:direction>in</spirit:direction>
          <spirit:wireTypeDefs>
            <spirit:wireTypeDef>
              <spirit:typeName>std_logic</spirit:typeName>
              <spirit:viewNameRef>xilinx_vhdlsynthesis</spirit:viewNameRef>
              <spirit:viewNameRef>xilinx_vhdlbehavioralsimulation</spirit:viewNameRef>
            </spirit:wireTypeDef>
          </spirit:wireTypeDefs>
        </spirit:wire>
      </spirit:port>
      <spirit:port>
        <spirit:name>s00_axi_aclk</spirit:name>
        <spirit:wire>
          <spirit:direction>in</spirit:direction>
          <spirit:wireTypeDefs>
            <spirit:wireTypeDef>
              <spirit:typeName>std_logic</spirit:typeName>
              <spirit:viewNameRef>xilinx_vhdlsynthesis</spirit:viewNameRef>
              <spirit:viewNameRef>xilinx_vhdlbehavioralsimulation</spirit:viewNameRef>
            </spirit:wireTypeDef>
          </spirit:wireTypeDefs>
        </spirit:wire>
      </spirit:port>
      <spirit:port>
        <spirit:name>s00_axi_aresetn</spirit:name>
        <spirit:wire>
          <spirit:direction>in</spirit:direction>
          <spirit:wireTypeDefs>
            <spirit:wireTypeDef>
              <spirit:typeName>std_logic</spirit:typeName>
              <spirit:viewNameRef>xilinx_vhdlsynthesis</spirit:viewNameRef>
              <spirit:viewNameRef>xilinx_vhdlbehavioralsimulation</spirit:viewNameRef>
            </spirit:wireTypeDef>
          </spirit:wireTypeDefs>
        </spirit:wire>
      </spirit:port>
    </spirit:ports>
    <spirit:modelParameters>
      <spirit:modelParameter xsi:type="spirit:nameValueTypeType" spirit:dataType="integer">
        <spirit:name>C_S00_AXI_DATA_WIDTH</spirit:name>
        <spirit:displayName>C S00 AXI DATA WIDTH</spirit:displayName>
        <spirit:description>Width of S_AXI data bus</spirit:description>
        <spirit:value spirit:format="long" spirit:resolve="generated" spirit:id="MODELPARAM_VALUE.C_S00_AXI_DATA_WIDTH" spirit:order="3" spirit:rangeType="long">32</spirit:value>
      </spirit:modelParameter>
      <spirit:modelParameter spirit:dataType="integer">
        <spirit:name>C_S00_AXI_ADDR_WIDTH</spirit:name>
        <spirit:displayName>C S00 AXI ADDR WIDTH</spirit:displayName>
        <spirit:description>Width of S_AXI address bus</spirit:description>
        <spirit:value spirit:format="long" spirit:resolve="generated" spirit:id="MODELPARAM_VALUE.C_S00_AXI_ADDR_WIDTH" spirit:order="4" spirit:rangeType="long">6</spirit:value>
      </spirit:modelParameter>
    </spirit:modelParameters>
  </spirit:model>
  <spirit:choices>
    <spirit:choice>
      <spirit:name>choice_list_6fc15197</spirit:name>
      <spirit:enumeration>32</spirit:enumeration>
    </spirit:choice>
    <spirit:choice>
      <spirit:name>choice_list_9d8b0d81</spirit:name>
      <spirit:enumeration>ACTIVE_HIGH</spirit:enumeration>
      <spirit:enumeration>ACTIVE_LOW</spirit:enumeration>
    </spirit:choice>
    <spirit:choice>
      <spirit:name>choice_pairs_ce1226b1</spirit:name>
      <spirit:enumeration spirit:text="true">1</spirit:enumeration>
      <spirit:enumeration spirit:text="false">0</spirit:enumeration>
    </spirit:choice>
  </spirit:choices>
  <spirit:fileSets>
    <spirit:fileSet>
      <spirit:name>xilinx_vhdlsynthesis_view_fileset</spirit:name>
      <spirit:file>
        <spirit:name>src/BER.vhd</spirit:name>
        <spirit:fileType>vhdlSource</spirit:fileType>
      </spirit:file>
      <spirit:file>
        <spirit:name>src/UART_RX_CTRL.vhd</spirit:name>
        <spirit:fileType>vhdlSource</spirit:fileType>
      </spirit:file>
      <spirit:file>
        <spirit:name>src/UART_TX_CTRL.vhd</spirit:name>
        <spirit:fileType>vhdlSource</spirit:fileType>
      </spirit:file>
      <spirit:file>
        <spirit:name>src/count_ones.vhd</spirit:name>
        <spirit:fileType>vhdlSource</spirit:fileType>
      </spirit:file>
      <spirit:file>
        <spirit:name>src/prbs.vhd</spirit:name>
        <spirit:fileType>vhdlSource</spirit:fileType>
      </spirit:file>
      <spirit:file>
        <spirit:name>hdl/uartprbs_v1_0_S00_AXI.vhd</spirit:name>
        <spirit:fileType>vhdlSource</spirit:fileType>
      </spirit:file>
      <spirit:file>
        <spirit:name>hdl/uartprbs_v1_0.vhd</spirit:name>
        <spirit:fileType>vhdlSource</spirit:fileType>
        <spirit:userFileType>CHECKSUM_f88079b3</spirit:userFileType>
      </spirit:file>
    </spirit:fileSet>
    <spirit:fileSet>
      <spirit:name>xilinx_vhdlbehavioralsimulation_view_fileset</spirit:name>
      <spirit:file>
        <spirit:name>src/BER.vhd</spirit:name>
        <spirit:fileType>vhdlSource</spirit:fileType>
      </spirit:file>
      <spirit:file>
        <spirit:name>src/UART_RX_CTRL.vhd</spirit:name>
        <spirit:fileType>vhdlSource</spirit:fileType>
      </spirit:file>
      <spirit:file>
        <spirit:name>src/UART_TX_CTRL.vhd</spirit:name>
        <spirit:fileType>vhdlSource</spirit:fileType>
      </spirit:file>
      <spirit:file>
        <spirit:name>src/count_ones.vhd</spirit:name>
        <spirit:fileType>vhdlSource</spirit:fileType>
      </spirit:file>
      <spirit:file>
        <spirit:name>src/prbs.vhd</spirit:name>
        <spirit:fileType>vhdlSource</spirit:fileType>
      </spirit:file>
      <spirit:file>
        <spirit:name>hdl/uartprbs_v1_0_S00_AXI.vhd</spirit:name>
        <spirit:fileType>vhdlSource</spirit:fileType>
      </spirit:file>
      <spirit:file>
        <spirit:name>hdl/uartprbs_v1_0.vhd</spirit:name>
        <spirit:fileType>vhdlSource</spirit:fileType>
      </spirit:file>
    </spirit:fileSet>
    <spirit:fileSet>
      <spirit:name>xilinx_softwaredriver_view_fileset</spirit:name>
      <spirit:file>
        <spirit:name>drivers/uartprbs_v1_0/data/uartprbs.mdd</spirit:name>
        <spirit:userFileType>mdd</spirit:userFileType>
        <spirit:userFileType>driver_mdd</spirit:userFileType>
      </spirit:file>
      <spirit:file>
        <spirit:name>drivers/uartprbs_v1_0/data/uartprbs.tcl</spirit:name>
        <spirit:fileType>tclSource</spirit:fileType>
        <spirit:userFileType>driver_tcl</spirit:userFileType>
      </spirit:file>
      <spirit:file>
        <spirit:name>drivers/uartprbs_v1_0/src/Makefile</spirit:name>
        <spirit:userFileType>driver_src</spirit:userFileType>
      </spirit:file>
      <spirit:file>
        <spirit:name>drivers/uartprbs_v1_0/src/uartprbs.h</spirit:name>
        <spirit:fileType>cSource</spirit:fileType>
        <spirit:userFileType>driver_src</spirit:userFileType>
      </spirit:file>
      <spirit:file>
        <spirit:name>drivers/uartprbs_v1_0/src/uartprbs.c</spirit:name>
        <spirit:fileType>cSource</spirit:fileType>
        <spirit:userFileType>driver_src</spirit:userFileType>
      </spirit:file>
      <spirit:file>
        <spirit:name>drivers/uartprbs_v1_0/src/uartprbs_selftest.c</spirit:name>
        <spirit:fileType>cSource</spirit:fileType>
        <spirit:userFileType>driver_src</spirit:userFileType>
      </spirit:file>
    </spirit:fileSet>
    <spirit:fileSet>
      <spirit:name>xilinx_xpgui_view_fileset</spirit:name>
      <spirit:file>
        <spirit:name>xgui/uartprbs_v1_0.tcl</spirit:name>
        <spirit:fileType>tclSource</spirit:fileType>
        <spirit:userFileType>CHECKSUM_dda4df14</spirit:userFileType>
        <spirit:userFileType>XGUI_VERSION_2</spirit:userFileType>
      </spirit:file>
    </spirit:fileSet>
    <spirit:fileSet>
      <spirit:name>bd_tcl_view_fileset</spirit:name>
      <spirit:file>
        <spirit:name>bd/bd.tcl</spirit:name>
        <spirit:fileType>tclSource</spirit:fileType>
      </spirit:file>
    </spirit:fileSet>
  </spirit:fileSets>
  <spirit:description>My new AXI IP</spirit:description>
  <spirit:parameters>
    <spirit:parameter>
      <spirit:name>C_S00_AXI_DATA_WIDTH</spirit:name>
      <spirit:displayName>C S00 AXI DATA WIDTH</spirit:displayName>
      <spirit:description>Width of S_AXI data bus</spirit:description>
      <spirit:value spirit:format="long" spirit:resolve="user" spirit:id="PARAM_VALUE.C_S00_AXI_DATA_WIDTH" spirit:choiceRef="choice_list_6fc15197" spirit:order="3">32</spirit:value>
      <spirit:vendorExtensions>
        <xilinx:parameterInfo>
          <xilinx:enablement>
            <xilinx:isEnabled xilinx:id="PARAM_ENABLEMENT.C_S00_AXI_DATA_WIDTH">false</xilinx:isEnabled>
          </xilinx:enablement>
        </xilinx:parameterInfo>
      </spirit:vendorExtensions>
    </spirit:parameter>
    <spirit:parameter>
      <spirit:name>C_S00_AXI_ADDR_WIDTH</spirit:name>
      <spirit:displayName>C S00 AXI ADDR WIDTH</spirit:displayName>
      <spirit:description>Width of S_AXI address bus</spirit:description>
      <spirit:value spirit:format="long" spirit:resolve="user" spirit:id="PARAM_VALUE.C_S00_AXI_ADDR_WIDTH" spirit:order="4" spirit:rangeType="long">6</spirit:value>
      <spirit:vendorExtensions>
        <xilinx:parameterInfo>
          <xilinx:enablement>
            <xilinx:isEnabled xilinx:id="PARAM_ENABLEMENT.C_S00_AXI_ADDR_WIDTH">false</xilinx:isEnabled>
          </xilinx:enablement>
        </xilinx:parameterInfo>
      </spirit:vendorExtensions>
    </spirit:parameter>
    <spirit:parameter>
      <spirit:name>C_S00_AXI_BASEADDR</spirit:name>
      <spirit:displayName>C S00 AXI BASEADDR</spirit:displayName>
      <spirit:value spirit:format="bitString" spirit:resolve="user" spirit:id="PARAM_VALUE.C_S00_AXI_BASEADDR" spirit:order="5" spirit:bitStringLength="32">0xFFFFFFFF</spirit:value>
      <spirit:vendorExtensions>
        <xilinx:parameterInfo>
          <xilinx:enablement>
            <xilinx:isEnabled xilinx:id="PARAM_ENABLEMENT.C_S00_AXI_BASEADDR">false</xilinx:isEnabled>
          </xilinx:enablement>
        </xilinx:parameterInfo>
      </spirit:vendorExtensions>
    </spirit:parameter>
    <spirit:parameter>
      <spirit:name>C_S00_AXI_HIGHADDR</spirit:name>
      <spirit:displayName>C S00 AXI HIGHADDR</spirit:displayName>
      <spirit:value spirit:format="bitString" spirit:resolve="user" spirit:id="PARAM_VALUE.C_S00_AXI_HIGHADDR" spirit:order="6" spirit:bitStringLength="32">0x00000000</spirit:value>
      <spirit:vendorExtensions>
        <xilinx:parameterInfo>
          <xilinx:enablement>
            <xilinx:isEnabled xilinx:id="PARAM_ENABLEMENT.C_S00_AXI_HIGHADDR">false</xilinx:isEnabled>
          </xilinx:enablement>
        </xilinx:parameterInfo>
      </spirit:vendorExtensions>
    </spirit:parameter>
    <spirit:parameter>
      <spirit:name>Component_Name</spirit:name>
      <spirit:value spirit:resolve="user" spirit:id="PARAM_VALUE.Component_Name" spirit:order="1">uartprbs_v1_0</spirit:value>
    </spirit:parameter>
  </spirit:parameters>
  <spirit:vendorExtensions>
    <xilinx:coreExtensions>
      <xilinx:supportedFamilies>
        <xilinx:family xilinx:lifeCycle="Pre-Production">artix7</xilinx:family>
      </xilinx:supportedFamilies>
      <xilinx:taxonomies>
        <xilinx:taxonomy>AXI_Peripheral</xilinx:taxonomy>
      </xilinx:taxonomies>
      <xilinx:displayName>uartprbs_v1.0</xilinx:displayName>
      <xilinx:coreRevision>5</xilinx:coreRevision>
      <xilinx:coreCreationDateTime>2021-01-18T07:31:58Z</xilinx:coreCreationDateTime>
      <xilinx:tags>
        <xilinx:tag xilinx:name="ui.data.coregen.dd@f3ce6de_ARCHIVE_LOCATION">c:/Users/argun/Documents/fpga/ip_repo/uartprbs_1.0</xilinx:tag>
        <xilinx:tag xilinx:name="ui.data.coregen.dd@3e10b3e6_ARCHIVE_LOCATION">c:/Users/argun/Documents/fpga/ip_repo/uartprbs_1.0</xilinx:tag>
        <xilinx:tag xilinx:name="ui.data.coregen.dd@a02268f_ARCHIVE_LOCATION">c:/Users/argun/Documents/fpga/ip_repo/uartprbs_1.0</xilinx:tag>
        <xilinx:tag xilinx:name="ui.data.coregen.dd@7adaf28e_ARCHIVE_LOCATION">c:/Users/argun/Documents/fpga/ip_repo/uartprbs_1.0</xilinx:tag>
        <xilinx:tag xilinx:name="ui.data.coregen.dd@ee3350_ARCHIVE_LOCATION">c:/Users/argun/Documents/fpga/ip_repo/uartprbs_1.0</xilinx:tag>
        <xilinx:tag xilinx:name="ui.data.coregen.dd@6cfe4400_ARCHIVE_LOCATION">c:/Users/argun/Documents/fpga/ip_repo/uartprbs_1.0</xilinx:tag>
        <xilinx:tag xilinx:name="ui.data.coregen.dd@1206085f_ARCHIVE_LOCATION">c:/Users/argun/Documents/fpga/ip_repo/uartprbs_1.0</xilinx:tag>
        <xilinx:tag xilinx:name="ui.data.coregen.dd@38dbe442_ARCHIVE_LOCATION">c:/Users/argun/Documents/fpga/ip_repo/uartprbs_1.0</xilinx:tag>
        <xilinx:tag xilinx:name="ui.data.coregen.dd@326481e2_ARCHIVE_LOCATION">c:/Users/argun/Documents/fpga/ip_repo/uartprbs_1.0</xilinx:tag>
        <xilinx:tag xilinx:name="ui.data.coregen.dd@638a553a_ARCHIVE_LOCATION">c:/Users/argun/Documents/fpga/ip_repo/uartprbs_1.0</xilinx:tag>
        <xilinx:tag xilinx:name="ui.data.coregen.dd@933654d_ARCHIVE_LOCATION">c:/Users/argun/Documents/fpga/ip_repo/uartprbs_1.0</xilinx:tag>
        <xilinx:tag xilinx:name="ui.data.coregen.dd@2e932b77_ARCHIVE_LOCATION">c:/Users/argun/Documents/fpga/ip_repo/uartprbs_1.0</xilinx:tag>
        <xilinx:tag xilinx:name="ui.data.coregen.dd@3bd33bad_ARCHIVE_LOCATION">c:/Users/argun/Documents/fpga/ip_repo/uartprbs_1.0</xilinx:tag>
        <xilinx:tag xilinx:name="ui.data.coregen.dd@5ed9c678_ARCHIVE_LOCATION">c:/Users/argun/Documents/fpga/ip_repo/uartprbs_1.0</xilinx:tag>
        <xilinx:tag xilinx:name="ui.data.coregen.dd@3c741517_ARCHIVE_LOCATION">c:/Users/argun/Documents/fpga/ip_repo/uartprbs_1.0</xilinx:tag>
        <xilinx:tag xilinx:name="ui.data.coregen.dd@74939bee_ARCHIVE_LOCATION">c:/Users/argun/Documents/fpga/ip_repo/uartprbs_1.0</xilinx:tag>
        <xilinx:tag xilinx:name="ui.data.coregen.dd@41856cf6_ARCHIVE_LOCATION">c:/Users/argun/Documents/fpga/ip_repo/uartprbs_1.0</xilinx:tag>
        <xilinx:tag xilinx:name="ui.data.coregen.dd@12c01608_ARCHIVE_LOCATION">c:/Users/argun/Documents/fpga/ip_repo/uartprbs_1.0</xilinx:tag>
        <xilinx:tag xilinx:name="ui.data.coregen.dd@29b7136e_ARCHIVE_LOCATION">c:/Users/argun/Documents/fpga/ip_repo/uartprbs_1.0</xilinx:tag>
        <xilinx:tag xilinx:name="ui.data.coregen.dd@4c58a656_ARCHIVE_LOCATION">c:/Users/argun/Documents/fpga/ip_repo/uartprbs_1.0</xilinx:tag>
        <xilinx:tag xilinx:name="ui.data.coregen.dd@1fd06f6a_ARCHIVE_LOCATION">c:/Users/argun/Documents/fpga/ip_repo/uartprbs_1.0</xilinx:tag>
        <xilinx:tag xilinx:name="ui.data.coregen.dd@120921e1_ARCHIVE_LOCATION">c:/Users/argun/Documents/fpga/ip_repo/uartprbs_1.0</xilinx:tag>
        <xilinx:tag xilinx:name="ui.data.coregen.dd@2ef14260_ARCHIVE_LOCATION">c:/Users/argun/Documents/fpga/ip_repo/uartprbs_1.0</xilinx:tag>
        <xilinx:tag xilinx:name="ui.data.coregen.dd@5c8cb6ea_ARCHIVE_LOCATION">c:/Users/argun/Documents/fpga/ip_repo/uartprbs_1.0</xilinx:tag>
        <xilinx:tag xilinx:name="ui.data.coregen.dd@43f6fc04_ARCHIVE_LOCATION">c:/Users/argun/Documents/fpga/ip_repo/uartprbs_1.0</xilinx:tag>
        <xilinx:tag xilinx:name="ui.data.coregen.dd@37641bdb_ARCHIVE_LOCATION">c:/Users/argun/Documents/fpga/ip_repo/uartprbs_1.0</xilinx:tag>
        <xilinx:tag xilinx:name="ui.data.coregen.dd@1c1ad2e_ARCHIVE_LOCATION">c:/Users/argun/Documents/fpga/ip_repo/uartprbs_1.0</xilinx:tag>
        <xilinx:tag xilinx:name="ui.data.coregen.dd@435963e3_ARCHIVE_LOCATION">c:/Users/argun/Documents/fpga/ip_repo/uartprbs_1.0</xilinx:tag>
        <xilinx:tag xilinx:name="ui.data.coregen.dd@3397d622_ARCHIVE_LOCATION">c:/Users/argun/Documents/fpga/ip_repo/uartprbs_1.0</xilinx:tag>
        <xilinx:tag xilinx:name="ui.data.coregen.dd@3d5236dd_ARCHIVE_LOCATION">c:/Users/argun/Documents/fpga/ip_repo/uartprbs_1.0</xilinx:tag>
        <xilinx:tag xilinx:name="ui.data.coregen.dd@59f118e9_ARCHIVE_LOCATION">c:/Users/argun/Documents/fpga/ip_repo/uartprbs_1.0</xilinx:tag>
        <xilinx:tag xilinx:name="ui.data.coregen.dd@6f310702_ARCHIVE_LOCATION">c:/Users/argun/Documents/fpga/ip_repo/uartprbs_1.0</xilinx:tag>
        <xilinx:tag xilinx:name="ui.data.coregen.dd@7ef6da8a_ARCHIVE_LOCATION">c:/Users/argun/Documents/fpga/ip_repo/uartprbs_1.0</xilinx:tag>
        <xilinx:tag xilinx:name="ui.data.coregen.dd@144d92cc_ARCHIVE_LOCATION">c:/Users/argun/Documents/fpga/ip_repo/uartprbs_1.0</xilinx:tag>
        <xilinx:tag xilinx:name="ui.data.coregen.dd@74deecc3_ARCHIVE_LOCATION">c:/Users/argun/Documents/fpga/ip_repo/uartprbs_1.0</xilinx:tag>
        <xilinx:tag xilinx:name="ui.data.coregen.dd@33dbdab2_ARCHIVE_LOCATION">c:/Users/argun/Documents/fpga/ip_repo/uartprbs_1.0</xilinx:tag>
        <xilinx:tag xilinx:name="ui.data.coregen.dd@4064d8bf_ARCHIVE_LOCATION">c:/Users/argun/Documents/fpga/ip_repo/uartprbs_1.0</xilinx:tag>
        <xilinx:tag xilinx:name="ui.data.coregen.dd@61ea4efc_ARCHIVE_LOCATION">c:/Users/argun/Documents/fpga/ip_repo/uartprbs_1.0</xilinx:tag>
        <xilinx:tag xilinx:name="ui.data.coregen.dd@63a7717d_ARCHIVE_LOCATION">c:/Users/argun/Documents/fpga/ip_repo/uartprbs_1.0</xilinx:tag>
        <xilinx:tag xilinx:name="ui.data.coregen.dd@1a2bd1a9_ARCHIVE_LOCATION">c:/Users/argun/Documents/fpga/ip_repo/uartprbs_1.0</xilinx:tag>
        <xilinx:tag xilinx:name="ui.data.coregen.dd@1eb77dbe_ARCHIVE_LOCATION">c:/Users/argun/Documents/fpga/ip_repo/uartprbs_1.0</xilinx:tag>
        <xilinx:tag xilinx:name="ui.data.coregen.dd@488b448f_ARCHIVE_LOCATION">c:/Users/argun/Documents/fpga/ip_repo/uartprbs_1.0</xilinx:tag>
        <xilinx:tag xilinx:name="ui.data.coregen.dd@12b86df0_ARCHIVE_LOCATION">c:/Users/argun/Documents/fpga/ip_repo/uartprbs_1.0</xilinx:tag>
        <xilinx:tag xilinx:name="ui.data.coregen.dd@2b7d2e2d_ARCHIVE_LOCATION">c:/Users/argun/Documents/fpga/ip_repo/uartprbs_1.0</xilinx:tag>
        <xilinx:tag xilinx:name="ui.data.coregen.dd@e523078_ARCHIVE_LOCATION">c:/Users/argun/Documents/fpga/ip_repo/uartprbs_1.0</xilinx:tag>
        <xilinx:tag xilinx:name="ui.data.coregen.dd@1ad4c2d_ARCHIVE_LOCATION">c:/Users/argun/Documents/fpga/ip_repo/uartprbs_1.0</xilinx:tag>
        <xilinx:tag xilinx:name="ui.data.coregen.dd@4428a25b_ARCHIVE_LOCATION">c:/Users/argun/Documents/fpga/ip_repo/uartprbs_1.0</xilinx:tag>
        <xilinx:tag xilinx:name="ui.data.coregen.dd@3390c8e8_ARCHIVE_LOCATION">c:/Users/argun/Documents/fpga/ip_repo/uartprbs_1.0</xilinx:tag>
        <xilinx:tag xilinx:name="ui.data.coregen.dd@25d5b068_ARCHIVE_LOCATION">c:/Users/argun/Documents/fpga/ip_repo/uartprbs_1.0</xilinx:tag>
        <xilinx:tag xilinx:name="ui.data.coregen.dd@26a4345c_ARCHIVE_LOCATION">c:/Users/argun/Documents/fpga/ip_repo/uartprbs_1.0</xilinx:tag>
        <xilinx:tag xilinx:name="ui.data.coregen.dd@2248ccc3_ARCHIVE_LOCATION">c:/Users/argun/Documents/fpga/ip_repo/uartprbs_1.0</xilinx:tag>
        <xilinx:tag xilinx:name="ui.data.coregen.dd@3839b023_ARCHIVE_LOCATION">c:/Users/argun/Documents/fpga/ip_repo/uartprbs_1.0</xilinx:tag>
        <xilinx:tag xilinx:name="ui.data.coregen.dd@7a706449_ARCHIVE_LOCATION">c:/Users/argun/Documents/fpga/ip_repo/uartprbs_1.0</xilinx:tag>
        <xilinx:tag xilinx:name="ui.data.coregen.dd@3a0b4e28_ARCHIVE_LOCATION">c:/Users/argun/Documents/fpga/ip_repo/uartprbs_1.0</xilinx:tag>
        <xilinx:tag xilinx:name="ui.data.coregen.dd@7e056a01_ARCHIVE_LOCATION">c:/Users/argun/Documents/fpga/ip_repo/uartprbs_1.0</xilinx:tag>
        <xilinx:tag xilinx:name="ui.data.coregen.dd@43bbf13d_ARCHIVE_LOCATION">c:/Users/argun/Documents/fpga/ip_repo/uartprbs_1.0</xilinx:tag>
        <xilinx:tag xilinx:name="ui.data.coregen.dd@64d77df1_ARCHIVE_LOCATION">c:/Users/argun/Documents/fpga/ip_repo/uartprbs_1.0</xilinx:tag>
        <xilinx:tag xilinx:name="ui.data.coregen.dd@990a79_ARCHIVE_LOCATION">c:/Users/argun/Documents/fpga/ip_repo/uartprbs_1.0</xilinx:tag>
        <xilinx:tag xilinx:name="ui.data.coregen.dd@521dfdb3_ARCHIVE_LOCATION">c:/Users/argun/Documents/fpga/ip_repo/uartprbs_1.0</xilinx:tag>
        <xilinx:tag xilinx:name="ui.data.coregen.dd@43708989_ARCHIVE_LOCATION">c:/Users/argun/Documents/fpga/ip_repo/uartprbs_1.0</xilinx:tag>
        <xilinx:tag xilinx:name="ui.data.coregen.dd@43fec07e_ARCHIVE_LOCATION">c:/Users/argun/Documents/fpga/ip_repo/uartprbs_1.0</xilinx:tag>
        <xilinx:tag xilinx:name="ui.data.coregen.dd@2465d565_ARCHIVE_LOCATION">c:/Users/argun/Documents/fpga/ip_repo/uartprbs_1.0</xilinx:tag>
        <xilinx:tag xilinx:name="ui.data.coregen.dd@1f4b478f_ARCHIVE_LOCATION">c:/Users/argun/Documents/fpga/ip_repo/uartprbs_1.0</xilinx:tag>
        <xilinx:tag xilinx:name="ui.data.coregen.dd@5d66e03f_ARCHIVE_LOCATION">c:/Users/argun/Documents/fpga/ip_repo/uartprbs_1.0</xilinx:tag>
        <xilinx:tag xilinx:name="ui.data.coregen.dd@2b31fa40_ARCHIVE_LOCATION">c:/Users/argun/Documents/fpga/ip_repo/uartprbs_1.0</xilinx:tag>
        <xilinx:tag xilinx:name="ui.data.coregen.dd@1b86e1aa_ARCHIVE_LOCATION">c:/Users/argun/Documents/fpga/ip_repo/uartprbs_1.0</xilinx:tag>
        <xilinx:tag xilinx:name="ui.data.coregen.dd@4a1c0e5f_ARCHIVE_LOCATION">c:/Users/argun/Documents/fpga/ip_repo/uartprbs_1.0</xilinx:tag>
        <xilinx:tag xilinx:name="ui.data.coregen.dd@d9f5ae0_ARCHIVE_LOCATION">c:/Users/argun/Documents/fpga/ip_repo/uartprbs_1.0</xilinx:tag>
        <xilinx:tag xilinx:name="ui.data.coregen.dd@7d2bed61_ARCHIVE_LOCATION">c:/Users/argun/Documents/fpga/ip_repo/uartprbs_1.0</xilinx:tag>
        <xilinx:tag xilinx:name="ui.data.coregen.dd@520818a4_ARCHIVE_LOCATION">c:/Users/argun/Documents/fpga/ip_repo/uartprbs_1.0</xilinx:tag>
        <xilinx:tag xilinx:name="ui.data.coregen.dd@600dbf65_ARCHIVE_LOCATION">c:/Users/argun/Documents/fpga/ip_repo/uartprbs_1.0</xilinx:tag>
        <xilinx:tag xilinx:name="ui.data.coregen.dd@53607621_ARCHIVE_LOCATION">c:/Users/argun/Documents/fpga/ip_repo/uartprbs_1.0</xilinx:tag>
        <xilinx:tag xilinx:name="ui.data.coregen.dd@501b70a7_ARCHIVE_LOCATION">c:/Users/argun/Documents/fpga/ip_repo/uartprbs_1.0</xilinx:tag>
        <xilinx:tag xilinx:name="ui.data.coregen.dd@41aa0438_ARCHIVE_LOCATION">c:/Users/argun/Documents/fpga/ip_repo/uartprbs_1.0</xilinx:tag>
        <xilinx:tag xilinx:name="ui.data.coregen.dd@7a4f8c17_ARCHIVE_LOCATION">c:/Users/argun/Documents/fpga/ip_repo/uartprbs_1.0</xilinx:tag>
        <xilinx:tag xilinx:name="ui.data.coregen.dd@5e801ca_ARCHIVE_LOCATION">c:/Users/argun/Documents/fpga/ip_repo/uartprbs_1.0</xilinx:tag>
        <xilinx:tag xilinx:name="ui.data.coregen.dd@6128c9f0_ARCHIVE_LOCATION">c:/Users/argun/Documents/fpga/ip_repo/uartprbs_1.0</xilinx:tag>
        <xilinx:tag xilinx:name="ui.data.coregen.dd@162faa57_ARCHIVE_LOCATION">c:/Users/argun/Documents/fpga/ip_repo/uartprbs_1.0</xilinx:tag>
        <xilinx:tag xilinx:name="ui.data.coregen.dd@78a8ebbf_ARCHIVE_LOCATION">c:/Users/argun/Documents/fpga/ip_repo/uartprbs_1.0</xilinx:tag>
        <xilinx:tag xilinx:name="ui.data.coregen.dd@32786c1e_ARCHIVE_LOCATION">c:/Users/argun/Documents/fpga/ip_repo/uartprbs_1.0</xilinx:tag>
        <xilinx:tag xilinx:name="ui.data.coregen.dd@2909bb6c_ARCHIVE_LOCATION">c:/Users/argun/Documents/fpga/ip_repo/uartprbs_1.0</xilinx:tag>
        <xilinx:tag xilinx:name="ui.data.coregen.dd@80bc5fd_ARCHIVE_LOCATION">c:/Users/argun/Documents/fpga/ip_repo/uartprbs_1.0</xilinx:tag>
        <xilinx:tag xilinx:name="ui.data.coregen.dd@60ce7f4d_ARCHIVE_LOCATION">c:/Users/argun/Documents/fpga/ip_repo/uartprbs_1.0</xilinx:tag>
        <xilinx:tag xilinx:name="ui.data.coregen.dd@2a639b77_ARCHIVE_LOCATION">c:/Users/argun/Documents/fpga/ip_repo/uartprbs_1.0</xilinx:tag>
        <xilinx:tag xilinx:name="ui.data.coregen.dd@7fdaa8a6_ARCHIVE_LOCATION">c:/Users/argun/Documents/fpga/ip_repo/uartprbs_1.0</xilinx:tag>
        <xilinx:tag xilinx:name="ui.data.coregen.dd@bb34f83_ARCHIVE_LOCATION">c:/Users/argun/Documents/fpga/ip_repo/uartprbs_1.0</xilinx:tag>
        <xilinx:tag xilinx:name="ui.data.coregen.dd@1cd91f4a_ARCHIVE_LOCATION">c:/Users/argun/Documents/fpga/ip_repo/uartprbs_1.0</xilinx:tag>
        <xilinx:tag xilinx:name="ui.data.coregen.dd@340b915b_ARCHIVE_LOCATION">c:/Users/argun/Documents/fpga/ip_repo/uartprbs_1.0</xilinx:tag>
        <xilinx:tag xilinx:name="ui.data.coregen.dd@51823cba_ARCHIVE_LOCATION">c:/Users/argun/Documents/fpga/ip_repo/uartprbs_1.0</xilinx:tag>
        <xilinx:tag xilinx:name="ui.data.coregen.dd@368bcc1d_ARCHIVE_LOCATION">c:/Users/argun/Documents/fpga/ip_repo/uartprbs_1.0</xilinx:tag>
        <xilinx:tag xilinx:name="ui.data.coregen.dd@6a7cb0d2_ARCHIVE_LOCATION">c:/Users/argun/Documents/fpga/ip_repo/uartprbs_1.0</xilinx:tag>
        <xilinx:tag xilinx:name="ui.data.coregen.dd@3e4b53a8_ARCHIVE_LOCATION">c:/Users/argun/Documents/fpga/ip_repo/uartprbs_1.0</xilinx:tag>
        <xilinx:tag xilinx:name="ui.data.coregen.dd@279849d2_ARCHIVE_LOCATION">c:/Users/argun/Documents/fpga/ip_repo/uartprbs_1.0</xilinx:tag>
        <xilinx:tag xilinx:name="ui.data.coregen.dd@26192ed4_ARCHIVE_LOCATION">c:/Users/argun/Documents/fpga/ip_repo/uartprbs_1.0</xilinx:tag>
        <xilinx:tag xilinx:name="ui.data.coregen.dd@6eb57e18_ARCHIVE_LOCATION">c:/Users/argun/Documents/fpga/ip_repo/uartprbs_1.0</xilinx:tag>
        <xilinx:tag xilinx:name="ui.data.coregen.dd@3337e7b8_ARCHIVE_LOCATION">c:/Users/argun/Documents/fpga/ip_repo/uartprbs_1.0</xilinx:tag>
        <xilinx:tag xilinx:name="ui.data.coregen.dd@13f85324_ARCHIVE_LOCATION">c:/Users/argun/Documents/fpga/ip_repo/uartprbs_1.0</xilinx:tag>
        <xilinx:tag xilinx:name="ui.data.coregen.dd@760e3107_ARCHIVE_LOCATION">c:/Users/argun/Documents/fpga/ip_repo/uartprbs_1.0</xilinx:tag>
        <xilinx:tag xilinx:name="ui.data.coregen.dd@75b8bcf5_ARCHIVE_LOCATION">c:/Users/argun/Documents/fpga/ip_repo/uartprbs_1.0</xilinx:tag>
        <xilinx:tag xilinx:name="ui.data.coregen.dd@28e6d069_ARCHIVE_LOCATION">c:/Users/argun/Documents/fpga/ip_repo/uartprbs_1.0</xilinx:tag>
        <xilinx:tag xilinx:name="ui.data.coregen.dd@fdc8741_ARCHIVE_LOCATION">c:/Users/argun/Documents/fpga/ip_repo/uartprbs_1.0</xilinx:tag>
        <xilinx:tag xilinx:name="ui.data.coregen.dd@c47b6b7_ARCHIVE_LOCATION">c:/Users/argun/Documents/fpga/ip_repo/uartprbs_1.0</xilinx:tag>
        <xilinx:tag xilinx:name="ui.data.coregen.dd@79955ccd_ARCHIVE_LOCATION">c:/Users/argun/Documents/fpga/ip_repo/uartprbs_1.0</xilinx:tag>
        <xilinx:tag xilinx:name="ui.data.coregen.dd@2970352c_ARCHIVE_LOCATION">c:/Users/argun/Documents/fpga/ip_repo/uartprbs_1.0</xilinx:tag>
        <xilinx:tag xilinx:name="ui.data.coregen.dd@4bf97c1_ARCHIVE_LOCATION">c:/Users/argun/Documents/fpga/ip_repo/uartprbs_1.0</xilinx:tag>
        <xilinx:tag xilinx:name="ui.data.coregen.dd@257824dc_ARCHIVE_LOCATION">c:/Users/argun/Documents/fpga/ip_repo/uartprbs_1.0</xilinx:tag>
        <xilinx:tag xilinx:name="ui.data.coregen.dd@255c0782_ARCHIVE_LOCATION">c:/Users/argun/Documents/fpga/ip_repo/uartprbs_1.0</xilinx:tag>
        <xilinx:tag xilinx:name="ui.data.coregen.dd@5748539b_ARCHIVE_LOCATION">c:/Users/argun/Documents/fpga/ip_repo/uartprbs_1.0</xilinx:tag>
        <xilinx:tag xilinx:name="ui.data.coregen.dd@7e7a7ba0_ARCHIVE_LOCATION">c:/Users/argun/Documents/fpga/ip_repo/uartprbs_1.0</xilinx:tag>
        <xilinx:tag xilinx:name="ui.data.coregen.dd@19d84db3_ARCHIVE_LOCATION">c:/Users/argun/Documents/fpga/ip_repo/uartprbs_1.0</xilinx:tag>
        <xilinx:tag xilinx:name="ui.data.coregen.dd@635e9604_ARCHIVE_LOCATION">c:/Users/argun/Documents/fpga/ip_repo/uartprbs_1.0</xilinx:tag>
        <xilinx:tag xilinx:name="ui.data.coregen.dd@7c9238a2_ARCHIVE_LOCATION">c:/Users/argun/Documents/fpga/ip_repo/uartprbs_1.0</xilinx:tag>
        <xilinx:tag xilinx:name="ui.data.coregen.dd@17710812_ARCHIVE_LOCATION">c:/Users/argun/Documents/fpga/ip_repo/uartprbs_1.0</xilinx:tag>
        <xilinx:tag xilinx:name="ui.data.coregen.dd@4b2d8117_ARCHIVE_LOCATION">c:/Users/argun/Documents/fpga/ip_repo/uartprbs_1.0</xilinx:tag>
      </xilinx:tags>
    </xilinx:coreExtensions>
    <xilinx:packagingInfo>
      <xilinx:xilinxVersion>2019.1</xilinx:xilinxVersion>
      <xilinx:checksum xilinx:scope="busInterfaces" xilinx:value="8d59ce03"/>
      <xilinx:checksum xilinx:scope="memoryMaps" xilinx:value="ed1368d5"/>
      <xilinx:checksum xilinx:scope="fileGroups" xilinx:value="b5488011"/>
      <xilinx:checksum xilinx:scope="ports" xilinx:value="84f696c3"/>
      <xilinx:checksum xilinx:scope="hdlParameters" xilinx:value="e7b50784"/>
      <xilinx:checksum xilinx:scope="parameters" xilinx:value="a6d48d01"/>
    </xilinx:packagingInfo>
  </spirit:vendorExtensions>
</spirit:component>
